{
  "project_info": {
    "project_number": "345244125806",
    "project_id": "app-rt-47e3f",
    "storage_bucket": "app-rt-47e3f.appspot.com"
  },
  "client": [
    {
      "client_info": {
        "mobilesdk_app_id": "1:345244125806:android:2ea95bdc285fe852ddf47f",
        "android_client_info": {
          "package_name": "com.rian.apprt"
        }
      },
      "oauth_client": [],
      "api_key": [
        {
          "current_key": "AIzaSyCdu1AazYYg_9zaz7nLUZqnDCiHSe7KyZo"
        }
      ],
      "services": {
        "appinvite_service": {
          "other_platform_oauth_client": []
        }
      }
    }
  ],
  "configuration_version": "1"
}